Landroid/accessibilityservice/BrailleDisplayController;->checkApiFlagIsEnabled()V,blocked
Landroid/accessibilityservice/BrailleDisplayController;->setTestBrailleDisplayData(Landroid/accessibilityservice/AccessibilityService;Ljava/util/List;)V,blocked,test-api

Landroid/adservices/adselection/AdSelectionFromOutcomesConfig$1;-><init>()V,blocked
Landroid/adservices/adselection/AdSelectionFromOutcomesConfig$1;->createFromParcel(Landroid/os/Parcel;)Landroid/adservices/adselection/AdSelectionFromOutcomesConfig;,blocked
Landroid/adservices/adselection/AdSelectionFromOutcomesConfig$1;->newArray(I)[Landroid/adservices/adselection/AdSelectionFromOutcomesConfig;,blocked
Landroid/adservices/adselection/AdSelectionFromOutcomesConfig;-><clinit>()V,blocked
Landroid/adservices/adselection/AdSelectionFromOutcomesConfig;-><init>(Landroid/adservices/common/AdTechIdentifier;Ljava/util/List;Landroid/adservices/common/AdSelectionSignals;Landroid/net/Uri;)V,blocked
Landroid/adservices/adselection/AdSelectionFromOutcomesConfig;-><init>(Landroid/adservices/common/AdTechIdentifier;Ljava/util/List;Landroid/adservices/common/AdSelectionSignals;Landroid/net/Uri;Landroid/adservices/adselection/AdSelectionFromOutcomesConfig-IA;)V,blocked
Landroid/adservices/adselection/AdSelectionFromOutcomesConfig;-><init>(Landroid/os/Parcel;)V,blocked
Landroid/adservices/adselection/AdSelectionFromOutcomesConfig;-><init>(Landroid/os/Parcel;Landroid/adservices/adselection/AdSelectionFromOutcomesConfig-IA;)V,blocked

Landroid/adservices/adselection/AdWithBid$1;-><init>()V,blocked
Landroid/adservices/adselection/AdWithBid$1;->createFromParcel(Landroid/os/Parcel;)Landroid/adservices/adselection/AdWithBid;,blocked
Landroid/adservices/adselection/AdWithBid$1;->newArray(I)[Landroid/adservices/adselection/AdWithBid;,blocked
Landroid/adservices/adselection/AdWithBid;-><clinit>()V,blocked
Landroid/adservices/adselection/AdWithBid;-><init>(Landroid/os/Parcel;)V,blocked
Landroid/adservices/adselection/AdWithBid;-><init>(Landroid/os/Parcel;Landroid/adservices/adselection/AdWithBid-IA;)V,blocked

Landroid/adservices/adselection/DecisionLogic$1;-><init>()V,blocked
Landroid/adservices/adselection/DecisionLogic$1;->createFromParcel(Landroid/os/Parcel;)Landroid/adservices/adselection/DecisionLogic;,blocked
Landroid/adservices/adselection/DecisionLogic$1;->newArray(I)[Landroid/adservices/adselection/DecisionLogic;,blocked
Landroid/adservices/adselection/DecisionLogic;-><clinit>()V,blocked
Landroid/adservices/adselection/DecisionLogic;-><init>(Landroid/os/Parcel;)V,blocked
Landroid/adservices/adselection/DecisionLogic;-><init>(Landroid/os/Parcel;Landroid/adservices/adselection/DecisionLogic-IA;)V,blocked

Landroid/adservices/adselection/GetAdSelectionDataOutcome$Builder;-><init>()V,blocked
Landroid/adservices/adselection/GetAdSelectionDataOutcome$Builder;->build()Landroid/adservices/adselection/GetAdSelectionDataOutcome;,blocked
Landroid/adservices/adselection/GetAdSelectionDataOutcome$Builder;->setAdSelectionData([B)Landroid/adservices/adselection/GetAdSelectionDataOutcome$Builder;,blocked
Landroid/adservices/adselection/GetAdSelectionDataOutcome$Builder;->setAdSelectionId(J)Landroid/adservices/adselection/GetAdSelectionDataOutcome$Builder;,blocked
Landroid/adservices/adselection/GetAdSelectionDataOutcome;-><init>(J[B)V,blocked
Landroid/adservices/adselection/GetAdSelectionDataOutcome;-><init>(J[BLandroid/adservices/adselection/GetAdSelectionDataOutcome-IA;)V,blocked

Landroid/adservices/adselection/GetAdSelectionDataRequest;-><init>(Landroid/adservices/common/AdTechIdentifier;Landroid/net/Uri;)V,blocked
Landroid/adservices/adselection/GetAdSelectionDataRequest;-><init>(Landroid/adservices/common/AdTechIdentifier;Landroid/net/Uri;Landroid/adservices/adselection/GetAdSelectionDataRequest-IA;)V,blocked

Landroid/adservices/adselection/PerBuyerDecisionLogic$1;-><init>()V,blocked
Landroid/adservices/adselection/PerBuyerDecisionLogic$1;->createFromParcel(Landroid/os/Parcel;)Landroid/adservices/adselection/PerBuyerDecisionLogic;,blocked
Landroid/adservices/adselection/PerBuyerDecisionLogic$1;->newArray(I)[Landroid/adservices/adselection/PerBuyerDecisionLogic;,blocked
Landroid/adservices/adselection/PerBuyerDecisionLogic;-><clinit>()V,blocked
Landroid/adservices/adselection/PerBuyerDecisionLogic;-><init>(Landroid/os/Parcel;)V,blocked
Landroid/adservices/adselection/PerBuyerDecisionLogic;-><init>(Landroid/os/Parcel;Landroid/adservices/adselection/PerBuyerDecisionLogic-IA;)V,blocked

Landroid/adservices/adselection/PersistAdSelectionResultRequest;-><init>(JLandroid/adservices/common/AdTechIdentifier;[B)V,blocked
Landroid/adservices/adselection/PersistAdSelectionResultRequest;-><init>(JLandroid/adservices/common/AdTechIdentifier;[BLandroid/adservices/adselection/PersistAdSelectionResultRequest-IA;)V,blocked

Landroid/adservices/adselection/ReportEventRequest;-><init>(Landroid/adservices/adselection/ReportEventRequest$Builder;)V,blocked
Landroid/adservices/adselection/ReportEventRequest;-><init>(Landroid/adservices/adselection/ReportEventRequest$Builder;Landroid/adservices/adselection/ReportEventRequest-IA;)V,blocked
Landroid/adservices/adselection/ReportEventRequest;->isValidDestination(I)Z,blocked

Landroid/adservices/adselection/SetAppInstallAdvertisersRequest;-><init>(Ljava/util/Set;)V,blocked
Landroid/adservices/adselection/SetAppInstallAdvertisersRequest;-><init>(Ljava/util/Set;Landroid/adservices/adselection/SetAppInstallAdvertisersRequest-IA;)V,blocked

Landroid/adservices/adselection/SignedContextualAds$1;-><init>()V,blocked
Landroid/adservices/adselection/SignedContextualAds$1;->createFromParcel(Landroid/os/Parcel;)Landroid/adservices/adselection/SignedContextualAds;,blocked
Landroid/adservices/adselection/SignedContextualAds$1;->newArray(I)[Landroid/adservices/adselection/SignedContextualAds;,blocked
Landroid/adservices/adselection/SignedContextualAds;-><clinit>()V,blocked
Landroid/adservices/adselection/SignedContextualAds;-><init>(Landroid/adservices/common/AdTechIdentifier;Landroid/net/Uri;Ljava/util/List;[B)V,blocked
Landroid/adservices/adselection/SignedContextualAds;-><init>(Landroid/adservices/common/AdTechIdentifier;Landroid/net/Uri;Ljava/util/List;[BLandroid/adservices/adselection/SignedContextualAds-IA;)V,blocked
Landroid/adservices/adselection/SignedContextualAds;-><init>(Landroid/os/Parcel;)V,blocked
Landroid/adservices/adselection/SignedContextualAds;-><init>(Landroid/os/Parcel;Landroid/adservices/adselection/SignedContextualAds-IA;)V,blocked

Landroid/adservices/adselection/UpdateAdCounterHistogramRequest;-><init>(Landroid/adservices/adselection/UpdateAdCounterHistogramRequest$Builder;)V,blocked
Landroid/adservices/adselection/UpdateAdCounterHistogramRequest;-><init>(Landroid/adservices/adselection/UpdateAdCounterHistogramRequest$Builder;Landroid/adservices/adselection/UpdateAdCounterHistogramRequest-IA;)V,blocked

Landroid/adservices/common/AdFilters$$ExternalSyntheticLambda0;-><init>(I)V,blocked
Landroid/adservices/common/AdFilters$$ExternalSyntheticLambda0;->write(Landroid/os/Parcel;Ljava/lang/Object;)V,blocked
Landroid/adservices/common/AdFilters$$ExternalSyntheticLambda1;-><init>(I)V,blocked
Landroid/adservices/common/AdFilters$$ExternalSyntheticLambda1;->write(Landroid/os/Parcel;Ljava/lang/Object;)V,blocked
Landroid/adservices/common/AdFilters$$ExternalSyntheticLambda2;-><init>(Landroid/os/Parcelable$Creator;)V,blocked
Landroid/adservices/common/AdFilters$$ExternalSyntheticLambda2;->read(Landroid/os/Parcel;)Ljava/lang/Object;,blocked
Landroid/adservices/common/AdFilters$$ExternalSyntheticLambda3;-><init>(Landroid/os/Parcelable$Creator;)V,blocked
Landroid/adservices/common/AdFilters$$ExternalSyntheticLambda3;->read(Landroid/os/Parcel;)Ljava/lang/Object;,blocked
Landroid/adservices/common/AdFilters$1;-><init>()V,blocked
Landroid/adservices/common/AdFilters$1;->createFromParcel(Landroid/os/Parcel;)Landroid/adservices/common/AdFilters;,blocked
Landroid/adservices/common/AdFilters$1;->newArray(I)[Landroid/adservices/common/AdFilters;,blocked
Landroid/adservices/common/AdFilters;-><clinit>()V,blocked
Landroid/adservices/common/AdFilters;-><init>(Landroid/adservices/common/AdFilters$Builder;)V,blocked
Landroid/adservices/common/AdFilters;-><init>(Landroid/adservices/common/AdFilters$Builder;Landroid/adservices/common/AdFilters-IA;)V,blocked
Landroid/adservices/common/AdFilters;-><init>(Landroid/os/Parcel;)V,blocked
Landroid/adservices/common/AdFilters;-><init>(Landroid/os/Parcel;Landroid/adservices/common/AdFilters-IA;)V,blocked
Landroid/adservices/common/AdFilters;->fromJson(Lorg/json/JSONObject;)Landroid/adservices/common/AdFilters;,blocked
Landroid/adservices/common/AdFilters;->getSizeInBytes()I,blocked
Landroid/adservices/common/AdFilters;->toJson()Lorg/json/JSONObject;,blocked

Landroid/adservices/common/AppInstallFilters$1;-><init>()V,blocked
Landroid/adservices/common/AppInstallFilters$1;->createFromParcel(Landroid/os/Parcel;)Landroid/adservices/common/AppInstallFilters;,blocked
Landroid/adservices/common/AppInstallFilters$1;->newArray(I)[Landroid/adservices/common/AppInstallFilters;,blocked
Landroid/adservices/common/AppInstallFilters;-><clinit>()V,blocked
Landroid/adservices/common/AppInstallFilters;-><init>(Landroid/adservices/common/AppInstallFilters$Builder;)V,blocked
Landroid/adservices/common/AppInstallFilters;-><init>(Landroid/adservices/common/AppInstallFilters$Builder;Landroid/adservices/common/AppInstallFilters-IA;)V,blocked
Landroid/adservices/common/AppInstallFilters;-><init>(Landroid/os/Parcel;)V,blocked
Landroid/adservices/common/AppInstallFilters;-><init>(Landroid/os/Parcel;Landroid/adservices/common/AppInstallFilters-IA;)V,blocked
Landroid/adservices/common/AppInstallFilters;->fromJson(Lorg/json/JSONObject;)Landroid/adservices/common/AppInstallFilters;,blocked
Landroid/adservices/common/AppInstallFilters;->getSizeInBytes()I,blocked
Landroid/adservices/common/AppInstallFilters;->toJson()Lorg/json/JSONObject;,blocked

Landroid/adservices/common/FrequencyCapFilters$1;-><init>()V,blocked
Landroid/adservices/common/FrequencyCapFilters$1;->createFromParcel(Landroid/os/Parcel;)Landroid/adservices/common/FrequencyCapFilters;,blocked
Landroid/adservices/common/FrequencyCapFilters$1;->newArray(I)[Landroid/adservices/common/FrequencyCapFilters;,blocked
Landroid/adservices/common/FrequencyCapFilters;-><clinit>()V,blocked
Landroid/adservices/common/FrequencyCapFilters;-><init>(Landroid/adservices/common/FrequencyCapFilters$Builder;)V,blocked
Landroid/adservices/common/FrequencyCapFilters;-><init>(Landroid/adservices/common/FrequencyCapFilters$Builder;Landroid/adservices/common/FrequencyCapFilters-IA;)V,blocked
Landroid/adservices/common/FrequencyCapFilters;-><init>(Landroid/os/Parcel;)V,blocked
Landroid/adservices/common/FrequencyCapFilters;-><init>(Landroid/os/Parcel;Landroid/adservices/common/FrequencyCapFilters-IA;)V,blocked
Landroid/adservices/common/FrequencyCapFilters;->fcapSetToJsonArray(Ljava/util/List;)Lorg/json/JSONArray;,blocked
Landroid/adservices/common/FrequencyCapFilters;->fromJson(Lorg/json/JSONObject;)Landroid/adservices/common/FrequencyCapFilters;,blocked
Landroid/adservices/common/FrequencyCapFilters;->getSizeInBytes()I,blocked
Landroid/adservices/common/FrequencyCapFilters;->getSizeInBytesOfFcapList(Ljava/util/List;)I,blocked
Landroid/adservices/common/FrequencyCapFilters;->jsonArrayToFcapList(Lorg/json/JSONArray;)Ljava/util/List;,blocked
Landroid/adservices/common/FrequencyCapFilters;->toJson()Lorg/json/JSONObject;,blocked

Landroid/adservices/common/KeyedFrequencyCap$1;-><init>()V,blocked
Landroid/adservices/common/KeyedFrequencyCap$1;->createFromParcel(Landroid/os/Parcel;)Landroid/adservices/common/KeyedFrequencyCap;,blocked
Landroid/adservices/common/KeyedFrequencyCap$1;->newArray(I)[Landroid/adservices/common/KeyedFrequencyCap;,blocked
Landroid/adservices/common/KeyedFrequencyCap;-><clinit>()V,blocked
Landroid/adservices/common/KeyedFrequencyCap;-><init>(Landroid/adservices/common/KeyedFrequencyCap$Builder;)V,blocked
Landroid/adservices/common/KeyedFrequencyCap;-><init>(Landroid/adservices/common/KeyedFrequencyCap$Builder;Landroid/adservices/common/KeyedFrequencyCap-IA;)V,blocked
Landroid/adservices/common/KeyedFrequencyCap;-><init>(Landroid/os/Parcel;)V,blocked
Landroid/adservices/common/KeyedFrequencyCap;-><init>(Landroid/os/Parcel;Landroid/adservices/common/KeyedFrequencyCap-IA;)V,blocked
Landroid/adservices/common/KeyedFrequencyCap;->fromJson(Lorg/json/JSONObject;)Landroid/adservices/common/KeyedFrequencyCap;,blocked
Landroid/adservices/common/KeyedFrequencyCap;->getSizeInBytes()I,blocked
Landroid/adservices/common/KeyedFrequencyCap;->toJson()Lorg/json/JSONObject;,blocked

Landroid/adservices/customaudience/FetchAndJoinCustomAudienceRequest;-><init>(Landroid/adservices/customaudience/FetchAndJoinCustomAudienceRequest$Builder;)V,blocked
Landroid/adservices/customaudience/FetchAndJoinCustomAudienceRequest;-><init>(Landroid/adservices/customaudience/FetchAndJoinCustomAudienceRequest$Builder;Landroid/adservices/customaudience/FetchAndJoinCustomAudienceRequest-IA;)V,blocked

Landroid/adservices/customaudience/PartialCustomAudience$$ExternalSyntheticLambda0;-><init>()V,blocked
Landroid/adservices/customaudience/PartialCustomAudience$$ExternalSyntheticLambda0;->read(Landroid/os/Parcel;)Ljava/lang/Object;,blocked
Landroid/adservices/customaudience/PartialCustomAudience$$ExternalSyntheticLambda1;-><init>()V,blocked
Landroid/adservices/customaudience/PartialCustomAudience$$ExternalSyntheticLambda1;->read(Landroid/os/Parcel;)Ljava/lang/Object;,blocked
Landroid/adservices/customaudience/PartialCustomAudience$$ExternalSyntheticLambda2;-><init>()V,blocked
Landroid/adservices/customaudience/PartialCustomAudience$$ExternalSyntheticLambda2;->write(Landroid/os/Parcel;Ljava/lang/Object;)V,blocked
Landroid/adservices/customaudience/PartialCustomAudience$$ExternalSyntheticLambda3;-><init>()V,blocked
Landroid/adservices/customaudience/PartialCustomAudience$$ExternalSyntheticLambda3;->write(Landroid/os/Parcel;Ljava/lang/Object;)V,blocked
Landroid/adservices/customaudience/PartialCustomAudience$$ExternalSyntheticLambda4;-><init>(I)V,blocked
Landroid/adservices/customaudience/PartialCustomAudience$$ExternalSyntheticLambda4;->write(Landroid/os/Parcel;Ljava/lang/Object;)V,blocked
Landroid/adservices/customaudience/PartialCustomAudience$1;-><init>()V,blocked
Landroid/adservices/customaudience/PartialCustomAudience$1;->createFromParcel(Landroid/os/Parcel;)Landroid/adservices/customaudience/PartialCustomAudience;,blocked
Landroid/adservices/customaudience/PartialCustomAudience$1;->newArray(I)[Landroid/adservices/customaudience/PartialCustomAudience;,blocked
Landroid/adservices/customaudience/PartialCustomAudience;-><clinit>()V,blocked
Landroid/adservices/customaudience/PartialCustomAudience;-><init>(Landroid/adservices/customaudience/PartialCustomAudience$Builder;)V,blocked
Landroid/adservices/customaudience/PartialCustomAudience;-><init>(Landroid/adservices/customaudience/PartialCustomAudience$Builder;Landroid/adservices/customaudience/PartialCustomAudience-IA;)V,blocked
Landroid/adservices/customaudience/PartialCustomAudience;-><init>(Landroid/os/Parcel;)V,blocked
Landroid/adservices/customaudience/PartialCustomAudience;-><init>(Landroid/os/Parcel;Landroid/adservices/customaudience/PartialCustomAudience-IA;)V,blocked

Landroid/adservices/customaudience/ScheduleCustomAudienceUpdateRequest;-><init>(Landroid/adservices/customaudience/ScheduleCustomAudienceUpdateRequest$Builder;)V,blocked
Landroid/adservices/customaudience/ScheduleCustomAudienceUpdateRequest;-><init>(Landroid/adservices/customaudience/ScheduleCustomAudienceUpdateRequest$Builder;Landroid/adservices/customaudience/ScheduleCustomAudienceUpdateRequest-IA;)V,blocked

Landroid/adservices/measurement/SourceRegistrationRequest$$ExternalSyntheticLambda0;-><init>(I)V,blocked
Landroid/adservices/measurement/SourceRegistrationRequest$$ExternalSyntheticLambda0;->write(Landroid/os/Parcel;Ljava/lang/Object;)V,blocked
Landroid/adservices/measurement/SourceRegistrationRequest$1;-><init>()V,blocked
Landroid/adservices/measurement/SourceRegistrationRequest$1;->createFromParcel(Landroid/os/Parcel;)Landroid/adservices/measurement/SourceRegistrationRequest;,blocked
Landroid/adservices/measurement/SourceRegistrationRequest$1;->newArray(I)[Landroid/adservices/measurement/SourceRegistrationRequest;,blocked
Landroid/adservices/measurement/SourceRegistrationRequest;-><clinit>()V,blocked
Landroid/adservices/measurement/SourceRegistrationRequest;-><init>(Landroid/adservices/measurement/SourceRegistrationRequest$Builder;)V,blocked
Landroid/adservices/measurement/SourceRegistrationRequest;-><init>(Landroid/adservices/measurement/SourceRegistrationRequest$Builder;Landroid/adservices/measurement/SourceRegistrationRequest-IA;)V,blocked
Landroid/adservices/measurement/SourceRegistrationRequest;-><init>(Landroid/os/Parcel;)V,blocked
Landroid/adservices/measurement/SourceRegistrationRequest;-><init>(Landroid/os/Parcel;Landroid/adservices/measurement/SourceRegistrationRequest-IA;)V,blocked

Landroid/adservices/ondevicepersonalization/KeyValueStore;->getTableId()I,blocked

Landroid/adservices/ondevicepersonalization/EventLogRecord;->getTimeMillis()J,blocked 

Landroid/adservices/ondevicepersonalization/EventUrlProvider;-><init>(Landroid/adservices/ondevicepersonalization/aidl/IDataAccessService;)V,blocked
Landroid/adservices/ondevicepersonalization/EventUrlProvider$1;->onError(I)V,blocked
Landroid/adservices/ondevicepersonalization/EventUrlProvider$1;->onSuccess(Landroid/os/Bundle;)V,blocked
Landroid/adservices/ondevicepersonalization/EventUrlProvider;->getUrl(Landroid/os/Bundle;IJ)Landroid/net/Uri;,blocked
Landroid/adservices/ondevicepersonalization/EventUrlProvider$CallbackResult;-><init>(Landroid/os/Bundle;I)V,blocked

Landroid/adservices/ondevicepersonalization/ExecuteInput;-><init>(Landroid/adservices/ondevicepersonalization/ExecuteInputParcel;)V,blocked

Landroid/adservices/ondevicepersonalization/ExecuteOutput;-><init>(Landroid/adservices/ondevicepersonalization/RequestLogRecord;Landroid/adservices/ondevicepersonalization/RenderingConfig;Ljava/util/List;[B)V,blocked

Landroid/adservices/ondevicepersonalization/ExecuteOutput$Builder;->checkNotUsed()V,blocked

Landroid/adservices/ondevicepersonalization/FederatedComputeInput;-><init>(Ljava/lang/String;)V,blocked
Landroid/adservices/ondevicepersonalization/FederatedComputeInput;->__metadata()V,blocked

Landroid/adservices/ondevicepersonalization/FederatedComputeInput$Builder;->checkNotUsed()V,blocked

Landroid/adservices/ondevicepersonalization/FederatedComputeScheduler$1;-><init>(Landroid/adservices/ondevicepersonalization/FederatedComputeScheduler;Ljava/util/concurrent/CountDownLatch;[I)V,blocked
Landroid/adservices/ondevicepersonalization/FederatedComputeScheduler$1;->onFailure(I)V,blocked
Landroid/adservices/ondevicepersonalization/FederatedComputeScheduler$1;->onSuccess()V,blocked
Landroid/adservices/ondevicepersonalization/FederatedComputeScheduler$2;-><init>(Landroid/adservices/ondevicepersonalization/FederatedComputeScheduler;Ljava/util/concurrent/CountDownLatch;[I)V,blocked
Landroid/adservices/ondevicepersonalization/FederatedComputeScheduler$2;->onFailure(I)V,blocked
Landroid/adservices/ondevicepersonalization/FederatedComputeScheduler$2;->onSuccess()V,blocked
Landroid/adservices/ondevicepersonalization/FederatedComputeScheduler;-><clinit>()V,blocked
Landroid/adservices/ondevicepersonalization/FederatedComputeScheduler;-><init>(Landroid/adservices/ondevicepersonalization/aidl/IFederatedComputeService;Landroid/adservices/ondevicepersonalization/aidl/IDataAccessService;)V,blocked
Landroid/adservices/ondevicepersonalization/FederatedComputeScheduler;->convertSchedulingMode(Landroid/adservices/ondevicepersonalization/TrainingInterval;)I,blocked
Landroid/adservices/ondevicepersonalization/FederatedComputeScheduler;->convertTrainingInterval(Landroid/adservices/ondevicepersonalization/TrainingInterval;)Landroid/federatedcompute/common/TrainingInterval;,blocked
Landroid/adservices/ondevicepersonalization/FederatedComputeScheduler;->logApiCallStats(IJI)V,blocked
Landroid/adservices/ondevicepersonalization/FederatedComputeScheduler;->sLogger:Lcom/android/ondevicepersonalization/internal/util/LoggerFactory$Logger;,blocked

Landroid/adservices/ondevicepersonalization/InferenceInput;-><init>(Landroid/adservices/ondevicepersonalization/InferenceInput$Params;[Ljava/lang/Object;ILandroid/adservices/ondevicepersonalization/InferenceOutput;)V,blocked
Landroid/adservices/ondevicepersonalization/InferenceInput;->__metadata()V,blocked

Landroid/adservices/ondevicepersonalization/InferenceInput$Params;-><init>(Landroid/adservices/ondevicepersonalization/KeyValueStore;Ljava/lang/String;III)V,blocked
Landroid/adservices/ondevicepersonalization/InferenceInput$Params;->__metadata()V,blocked

Landroid/adservices/ondevicepersonalization/InferenceOutput;-><init>(Ljava/util/Map;)V,blocked
Landroid/adservices/ondevicepersonalization/InferenceOutput;->__metadata()V,blocked

Landroid/adservices/ondevicepersonalization/InferenceOutput$Builder;->checkNotUsed()V,blocked

Landroid/adservices/ondevicepersonalization/IsolatedService;-><clinit>()V,blocked

Landroid/adservices/ondevicepersonalization/IsolatedService$ServiceBinder;-><init>(Landroid/adservices/ondevicepersonalization/IsolatedService;)V,blocked
Landroid/adservices/ondevicepersonalization/IsolatedService$ServiceBinder;->getDataAccessService(Landroid/os/Bundle;)Landroid/adservices/ondevicepersonalization/aidl/IDataAccessService;,blocked
Landroid/adservices/ondevicepersonalization/IsolatedService$ServiceBinder;->getFederatedComputeService(Landroid/os/Bundle;)Landroid/adservices/ondevicepersonalization/aidl/IFederatedComputeService;,blocked
Landroid/adservices/ondevicepersonalization/IsolatedService$ServiceBinder;->getIsolatedModelService(Landroid/os/Bundle;)Landroid/adservices/ondevicepersonalization/aidl/IIsolatedModelService;,blocked
Landroid/adservices/ondevicepersonalization/IsolatedService$ServiceBinder;->onRequest(ILandroid/os/Bundle;Landroid/adservices/ondevicepersonalization/aidl/IIsolatedServiceCallback;)V,blocked
Landroid/adservices/ondevicepersonalization/IsolatedService$ServiceBinder;->performDownload(Landroid/os/Bundle;Landroid/adservices/ondevicepersonalization/aidl/IIsolatedServiceCallback;)V,blocked
Landroid/adservices/ondevicepersonalization/IsolatedService$ServiceBinder;->performExecute(Landroid/os/Bundle;Landroid/adservices/ondevicepersonalization/aidl/IIsolatedServiceCallback;)V,blocked
Landroid/adservices/ondevicepersonalization/IsolatedService$ServiceBinder;->performOnTrainingExample(Landroid/os/Bundle;Landroid/adservices/ondevicepersonalization/aidl/IIsolatedServiceCallback;)V,blocked
Landroid/adservices/ondevicepersonalization/IsolatedService$ServiceBinder;->performOnWebTrigger(Landroid/os/Bundle;Landroid/adservices/ondevicepersonalization/aidl/IIsolatedServiceCallback;)V,blocked
Landroid/adservices/ondevicepersonalization/IsolatedService$ServiceBinder;->performOnWebViewEvent(Landroid/os/Bundle;Landroid/adservices/ondevicepersonalization/aidl/IIsolatedServiceCallback;)V,blocked
Landroid/adservices/ondevicepersonalization/IsolatedService$ServiceBinder;->performRender(Landroid/os/Bundle;Landroid/adservices/ondevicepersonalization/aidl/IIsolatedServiceCallback;)V,blocked
Landroid/adservices/ondevicepersonalization/IsolatedService$ServiceBinder;->performRequest(ILandroid/os/Bundle;Landroid/adservices/ondevicepersonalization/aidl/IIsolatedServiceCallback;)V,blocked

Landroid/adservices/ondevicepersonalization/IsolatedService$WrappedCallback;-><init>(Landroid/adservices/ondevicepersonalization/aidl/IIsolatedServiceCallback;Landroid/adservices/ondevicepersonalization/RequestToken;Ljava/util/function/Function;)V,blocked
Landroid/adservices/ondevicepersonalization/IsolatedService$WrappedCallback;->onError(Landroid/adservices/ondevicepersonalization/IsolatedServiceException;)V,blocked

Landroid/adservices/ondevicepersonalization/LogReader$1;-><init>(Landroid/adservices/ondevicepersonalization/LogReader;Ljava/util/concurrent/BlockingQueue;)V,blocked
Landroid/adservices/ondevicepersonalization/LogReader$1;->onError(I)V,blocked
Landroid/adservices/ondevicepersonalization/LogReader$1;->onSuccess(Landroid/os/Bundle;)V,blocked
Landroid/adservices/ondevicepersonalization/LogReader;-><clinit>()V,blocked
Landroid/adservices/ondevicepersonalization/LogReader;-><init>(Landroid/adservices/ondevicepersonalization/aidl/IDataAccessService;)V,blocked
Landroid/adservices/ondevicepersonalization/LogReader;->handleAsyncRequest(ILandroid/os/Bundle;)Landroid/os/Bundle;,blocked
Landroid/adservices/ondevicepersonalization/LogReader;->handleListLookupRequest(ILandroid/os/Bundle;)Lcom/android/ondevicepersonalization/internal/util/OdpParceledListSlice;,blocked
Landroid/adservices/ondevicepersonalization/LogReader;->logApiCallStats(IJI)V,blocked

Landroid/adservices/ondevicepersonalization/ModelManager$1;-><init>(Landroid/adservices/ondevicepersonalization/ModelManager;Ljava/util/concurrent/Executor;Landroid/os/OutcomeReceiver;J)V,blocked
Landroid/adservices/ondevicepersonalization/ModelManager$1;->onError(I)V,blocked
Landroid/adservices/ondevicepersonalization/ModelManager$1;->onSuccess(Landroid/os/Bundle;)V,blocked
Landroid/adservices/ondevicepersonalization/ModelManager;-><clinit>()V,blocked
Landroid/adservices/ondevicepersonalization/ModelManager;-><init>(Landroid/adservices/ondevicepersonalization/aidl/IDataAccessService;Landroid/adservices/ondevicepersonalization/aidl/IIsolatedModelService;)V,blocked
Landroid/adservices/ondevicepersonalization/ModelManager;->logApiCallStats(IJI)V,blocked

Landroid/adservices/ondevicepersonalization/OnDevicePersonalizationManager$ExecuteResult;-><init>(Landroid/adservices/ondevicepersonalization/SurfacePackageToken;[B)V,blocked
Landroid/adservices/ondevicepersonalization/OnDevicePersonalizationManager;-><init>(Landroid/content/Context;)V,blocked
Landroid/adservices/ondevicepersonalization/OnDevicePersonalizationManager;-><init>(Landroid/content/Context;Lcom/android/federatedcompute/internal/util/AbstractServiceBinder;)V,blocked

Landroid/adservices/ondevicepersonalization/RenderingConfig;-><init>(Ljava/util/List;)V,blocked
Landroid/adservices/ondevicepersonalization/RenderingConfig;-><init>(Landroid/os/Parcel;)V,blocked
Landroid/adservices/ondevicepersonalization/RenderingConfig$1;->createFromParcel(Landroid/os/Parcel;)Landroid/adservices/ondevicepersonalization/RenderingConfig;,blocked
Landroid/adservices/ondevicepersonalization/RenderingConfig$1;->newArray(I)[Landroid/adservices/ondevicepersonalization/RenderingConfig;,blocked
Landroid/adservices/ondevicepersonalization/RenderingConfig;->__metadata()V,blocked
Landroid/adservices/ondevicepersonalization/RenderingConfig$Builder;->checkNotUsed()V,blocked


Landroid/adservices/ondevicepersonalization/RenderInput;-><init>(Landroid/adservices/ondevicepersonalization/RenderInputParcel;)V,blocked
Landroid/adservices/ondevicepersonalization/RenderInput;->__metadata()V,blocked

Landroid/adservices/ondevicepersonalization/RenderOutput;-><init>(Ljava/lang/String;Ljava/lang/String;Landroid/os/PersistableBundle;)V,blocked
Landroid/adservices/ondevicepersonalization/RenderOutput;->__metadata()V,blocked

Landroid/adservices/ondevicepersonalization/RenderOutput$Builder;->checkNotUsed()V,blocked

Landroid/adservices/ondevicepersonalization/RequestLogRecord;-><init>(Landroid/os/Parcel;)V,blocked
Landroid/adservices/ondevicepersonalization/RequestLogRecord;-><init>(Ljava/util/List;JJ)V,blocked
Landroid/adservices/ondevicepersonalization/RequestLogRecord;->__metadata()V,blocked
Landroid/adservices/ondevicepersonalization/RequestLogRecord;->getRequestId()J,blocked
Landroid/adservices/ondevicepersonalization/RequestLogRecord;->getTimeMillis()J,blocked
Landroid/adservices/ondevicepersonalization/RequestLogRecord$1;->createFromParcel(Landroid/os/Parcel;)Landroid/adservices/ondevicepersonalization/RequestLogRecord;,blocked
Landroid/adservices/ondevicepersonalization/RequestLogRecord$1;->newArray(I)[Landroid/adservices/ondevicepersonalization/RequestLogRecord;,blocked

Landroid/adservices/ondevicepersonalization/RequestLogRecord$BaseBuilder;-><init>()V,blocked
Landroid/adservices/ondevicepersonalization/RequestLogRecord$BaseBuilder;->setTimeMillis(J)Landroid/adservices/ondevicepersonalization/RequestLogRecord$Builder;,blocked

Landroid/adservices/ondevicepersonalization/RequestLogRecord$Builder;->checkNotUsed()V,blocked
Landroid/adservices/ondevicepersonalization/RequestLogRecord$Builder;->setRequestId(J)Landroid/adservices/ondevicepersonalization/RequestLogRecord$Builder;,blocked
Landroid/adservices/ondevicepersonalization/RequestLogRecord$Builder;->setTimeMillis(J)Landroid/adservices/ondevicepersonalization/RequestLogRecord$Builder;,blocked

Landroid/adservices/ondevicepersonalization/RequestToken;-><init>(Landroid/adservices/ondevicepersonalization/aidl/IDataAccessService;Landroid/adservices/ondevicepersonalization/aidl/IFederatedComputeService;Landroid/adservices/ondevicepersonalization/aidl/IIsolatedModelService;Landroid/adservices/ondevicepersonalization/UserData;)V,blocked
Landroid/adservices/ondevicepersonalization/RequestToken;->getDataAccessService()Landroid/adservices/ondevicepersonalization/aidl/IDataAccessService;,blocked
Landroid/adservices/ondevicepersonalization/RequestToken;->getFederatedComputeService()Landroid/adservices/ondevicepersonalization/aidl/IFederatedComputeService;,blocked
Landroid/adservices/ondevicepersonalization/RequestToken;->getModelService()Landroid/adservices/ondevicepersonalization/aidl/IIsolatedModelService;,blocked
Landroid/adservices/ondevicepersonalization/RequestToken;->getStartTimeMillis()J,blocked
Landroid/adservices/ondevicepersonalization/RequestToken;->getUserData()Landroid/adservices/ondevicepersonalization/UserData;,blocked

Landroid/adservices/ondevicepersonalization/SurfacePackageToken;-><init>(Ljava/lang/String;)V,blocked
Landroid/adservices/ondevicepersonalization/SurfacePackageToken;->getTokenString()Ljava/lang/String;,blocked

Landroid/adservices/ondevicepersonalization/TrainingExampleRecord;-><clinit>()V,blocked
Landroid/adservices/ondevicepersonalization/TrainingExampleRecord;-><init>(Landroid/os/Parcel;)V,blocked
Landroid/adservices/ondevicepersonalization/TrainingExampleRecord;-><init>([B[B)V,blocked
Landroid/adservices/ondevicepersonalization/TrainingExampleRecord;->__metadata()V,blocked

Landroid/adservices/ondevicepersonalization/TrainingExampleRecord$1;-><init>()V,blocked
Landroid/adservices/ondevicepersonalization/TrainingExampleRecord$1;->createFromParcel(Landroid/os/Parcel;)Landroid/adservices/ondevicepersonalization/TrainingExampleRecord;,blocked
Landroid/adservices/ondevicepersonalization/TrainingExampleRecord$1;->newArray(I)[Landroid/adservices/ondevicepersonalization/TrainingExampleRecord;,blocked

Landroid/adservices/ondevicepersonalization/TrainingExampleRecord$Builder;->checkNotUsed()V,blocked

Landroid/adservices/ondevicepersonalization/TrainingExamplesOutput;-><init>(Ljava/util/List;)V,blocked
Landroid/adservices/ondevicepersonalization/TrainingExamplesOutput;->__metadata()V,blocked

Landroid/adservices/ondevicepersonalization/TrainingExamplesOutput$Builder;->checkNotUsed()V,blocked

Landroid/adservices/ondevicepersonalization/TrainingInterval;-><init>(ILjava/time/Duration;)V,blocked
Landroid/adservices/ondevicepersonalization/TrainingInterval;->__metadata()V,blocked
Landroid/adservices/ondevicepersonalization/TrainingInterval;->schedulingModeToString(I)Ljava/lang/String;,blocked

Landroid/adservices/ondevicepersonalization/TrainingInterval$Builder;->checkNotUsed()V,blocked

Landroid/adservices/ondevicepersonalization/UserData;-><clinit>()V,blocked
Landroid/adservices/ondevicepersonalization/UserData;-><init>(IIJILjava/lang/String;Landroid/net/NetworkCapabilities;ILjava/util/Map;)V,blocked
Landroid/adservices/ondevicepersonalization/UserData;-><init>(Landroid/os/Parcel;)V,blocked
Landroid/adservices/ondevicepersonalization/UserData;->__metadata()V,blocked
Landroid/adservices/ondevicepersonalization/UserData;->getTimezoneUtcOffsetMins()I,blocked

Landroid/adservices/ondevicepersonalization/UserData$Builder;-><init>()V,blocked
Landroid/adservices/ondevicepersonalization/UserData$Builder;->addAppInfo(Ljava/lang/String;Landroid/adservices/ondevicepersonalization/AppInfo;)Landroid/adservices/ondevicepersonalization/UserData$Builder;,blocked
Landroid/adservices/ondevicepersonalization/UserData$Builder;->build()Landroid/adservices/ondevicepersonalization/UserData;,blocked
Landroid/adservices/ondevicepersonalization/UserData$Builder;->checkNotUsed()V,blocked
Landroid/adservices/ondevicepersonalization/UserData$Builder;->setAppInfos(Ljava/util/Map;)Landroid/adservices/ondevicepersonalization/UserData$Builder;,blocked
Landroid/adservices/ondevicepersonalization/UserData$Builder;->setAvailableStorageBytes(J)Landroid/adservices/ondevicepersonalization/UserData$Builder;,blocked
Landroid/adservices/ondevicepersonalization/UserData$Builder;->setBatteryPercentage(I)Landroid/adservices/ondevicepersonalization/UserData$Builder;,blocked
Landroid/adservices/ondevicepersonalization/UserData$Builder;->setCarrier(Ljava/lang/String;)Landroid/adservices/ondevicepersonalization/UserData$Builder;,blocked
Landroid/adservices/ondevicepersonalization/UserData$Builder;->setDataNetworkType(I)Landroid/adservices/ondevicepersonalization/UserData$Builder;,blocked
Landroid/adservices/ondevicepersonalization/UserData$Builder;->setNetworkCapabilities(Landroid/net/NetworkCapabilities;)Landroid/adservices/ondevicepersonalization/UserData$Builder;,blocked
Landroid/adservices/ondevicepersonalization/UserData$Builder;->setOrientation(I)Landroid/adservices/ondevicepersonalization/UserData$Builder;,blocked
Landroid/adservices/ondevicepersonalization/UserData$Builder;->setTimezoneUtcOffsetMins(I)Landroid/adservices/ondevicepersonalization/UserData$Builder;,blocked

Landroid/adservices/ondevicepersonalization/WebTriggerInput;-><init>(Landroid/adservices/ondevicepersonalization/WebTriggerInputParcel;)V,blocked
Landroid/adservices/ondevicepersonalization/WebTriggerInput;-><init>(Landroid/net/Uri;Ljava/lang/String;[B)V,blocked
Landroid/adservices/ondevicepersonalization/WebTriggerInput;->__metadata()V,blocked

Landroid/adservices/ondevicepersonalization/WebTriggerOutput;-><init>(Landroid/adservices/ondevicepersonalization/RequestLogRecord;Ljava/util/List;)V,blocked
Landroid/adservices/ondevicepersonalization/WebTriggerOutput;->__metadata()V,blocked

Landroid/adservices/ondevicepersonalization/WebTriggerOutput$Builder;->checkNotUsed()V,blocked

Landroid/adservices/ondevicepersonalization/IsolatedServiceException;->getErrorCode()I,blocked

Landroid/adservices/ondevicepersonalization/OnDevicePersonalizationException;-><init>(I)V,blocked
Landroid/adservices/ondevicepersonalization/OnDevicePersonalizationException;-><init>(ILjava/lang/String;)V,blocked
Landroid/adservices/ondevicepersonalization/OnDevicePersonalizationException;-><init>(ILjava/lang/Throwable;)V,blocked

Landroid/adservices/signals/ProtectedSignalsManager;-><clinit>()V,blocked
Landroid/adservices/signals/ProtectedSignalsManager;-><init>(Landroid/content/Context;)V,blocked
Landroid/adservices/signals/ProtectedSignalsManager;->getCallerPackageName()Ljava/lang/String;,blocked
Landroid/adservices/signals/ProtectedSignalsManager;->getService()Landroid/adservices/signals/IProtectedSignalsService;,blocked
Landroid/adservices/signals/ProtectedSignalsManager;->initialize(Landroid/content/Context;)Landroid/adservices/signals/ProtectedSignalsManager;,blocked
Landroid/adservices/signals/ProtectedSignalsManager$1;->onFailure(Landroid/adservices/common/FledgeErrorResponse;)V,blocked
Landroid/adservices/signals/ProtectedSignalsManager$1;->onSuccess()V,blocked

Landroid/adservices/signals/UpdateSignalsRequest;-><init>(Landroid/net/Uri;)V,blocked
Landroid/adservices/signals/UpdateSignalsRequest;-><init>(Landroid/net/Uri;Landroid/adservices/signals/UpdateSignalsRequest-IA;)V,blocked

Landroid/app/ApplicationStartInfo;-><clinit>()V,blocked
Landroid/app/ApplicationStartInfo;-><init>()V,blocked
Landroid/app/ApplicationStartInfo;-><init>(Landroid/app/ApplicationStartInfo;)V,blocked
Landroid/app/ApplicationStartInfo;-><init>(Landroid/os/Parcel;)V,blocked
Landroid/app/ApplicationStartInfo;-><init>(Landroid/os/Parcel;Landroid/app/ApplicationStartInfo-IA;)V,blocked
Landroid/app/ApplicationStartInfo;->addStartupTimestamp(IJ)V,blocked
Landroid/app/ApplicationStartInfo;->dump(Ljava/io/PrintWriter;Ljava/lang/String;Ljava/lang/String;Landroid/icu/text/SimpleDateFormat;)V,blocked
Landroid/app/ApplicationStartInfo;->getPackageName()Ljava/lang/String;,blocked
Landroid/app/ApplicationStartInfo;->intern(Ljava/lang/String;)Ljava/lang/String;,blocked
Landroid/app/ApplicationStartInfo;->readFromProto(Landroid/util/proto/ProtoInputStream;J)V,blocked
Landroid/app/ApplicationStartInfo;->reasonToString(I)Ljava/lang/String;,blocked
Landroid/app/ApplicationStartInfo;->setDefiningUid(I)V,blocked
Landroid/app/ApplicationStartInfo;->setForceStopped(Z)V,blocked
Landroid/app/ApplicationStartInfo;->setIntent(Landroid/content/Intent;)V,blocked
Landroid/app/ApplicationStartInfo;->setLaunchMode(I)V,blocked
Landroid/app/ApplicationStartInfo;->setPackageName(Ljava/lang/String;)V,blocked
Landroid/app/ApplicationStartInfo;->setPackageUid(I)V,blocked
Landroid/app/ApplicationStartInfo;->setPid(I)V,blocked
Landroid/app/ApplicationStartInfo;->setProcessName(Ljava/lang/String;)V,blocked
Landroid/app/ApplicationStartInfo;->setRealUid(I)V,blocked
Landroid/app/ApplicationStartInfo;->setReason(I)V,blocked
Landroid/app/ApplicationStartInfo;->setStartType(I)V,blocked
Landroid/app/ApplicationStartInfo;->setStartupState(I)V,blocked
Landroid/app/ApplicationStartInfo;->startTypeToString(I)Ljava/lang/String;,blocked
Landroid/app/ApplicationStartInfo;->timestampsEquals(Landroid/app/ApplicationStartInfo;)Z,blocked
Landroid/app/ApplicationStartInfo;->writeToProto(Landroid/util/proto/ProtoOutputStream;J)V,blocked
Landroid/app/ApplicationStartInfo$1;->createFromParcel(Landroid/os/Parcel;)Landroid/app/ApplicationStartInfo;,blocked
Landroid/app/ApplicationStartInfo$1;->newArray(I)[Landroid/app/ApplicationStartInfo;,blocked

Landroid/app/AutomaticZenRule$Builder;->setCreationTime(J)Landroid/app/AutomaticZenRule$Builder;,blocked

Landroid/app/ComponentCaller;-><init>(Landroid/os/IBinder;Landroid/os/IBinder;)V,blocked

Landroid/app/Notification$TvExtender;->visitUris(Ljava/util/function/Consumer;)V,blocked

Landroid/app/appsearch/EnterpriseGlobalSearchSession;-><init>(Landroid/app/appsearch/aidl/IAppSearchManager;Landroid/os/UserHandle;Landroid/app/appsearch/aidl/AppSearchAttributionSource;)V,blocked
Landroid/app/appsearch/EnterpriseGlobalSearchSession;->createEnterpriseGlobalSearchSession(Landroid/app/appsearch/aidl/IAppSearchManager;Landroid/os/UserHandle;Landroid/app/appsearch/aidl/AppSearchAttributionSource;Ljava/util/concurrent/Executor;Ljava/util/function/Consumer;)V,blocked

Landroid/app/appsearch/SchemaVisibilityConfig;-><clinit>()V,blocked
Landroid/app/appsearch/SchemaVisibilityConfig;-><init>(Ljava/util/List;Ljava/util/List;Landroid/app/appsearch/safeparcel/PackageIdentifierParcel;)V,blocked

Landroid/app/appsearch/SchemaVisibilityConfig$Builder;-><init>(Landroid/app/appsearch/SchemaVisibilityConfig;)V,blocked
Landroid/app/appsearch/SchemaVisibilityConfig$Builder;->resetIfBuilt()V,blocked

Landroid/app/sdksandbox/AppOwnedSdkSandboxInterface;-><clinit>()V,blocked
Landroid/app/sdksandbox/AppOwnedSdkSandboxInterface;-><init>(Landroid/os/Parcel;)V,blocked
Landroid/app/sdksandbox/AppOwnedSdkSandboxInterface;-><init>(Landroid/os/Parcel;Landroid/app/sdksandbox/AppOwnedSdkSandboxInterface-IA;)V,blocked

Landroid/app/sdksandbox/AppOwnedSdkSandboxInterface$1;-><init>()V,blocked
Landroid/app/sdksandbox/AppOwnedSdkSandboxInterface$1;->createFromParcel(Landroid/os/Parcel;)Landroid/app/sdksandbox/AppOwnedSdkSandboxInterface;,blocked
Landroid/app/sdksandbox/AppOwnedSdkSandboxInterface$1;->newArray(I)[Landroid/app/sdksandbox/AppOwnedSdkSandboxInterface;,blocked

Landroid/app/usage/UsageEventsQuery;-><clinit>()V,blocked
Landroid/app/usage/UsageEventsQuery;-><init>(Landroid/app/usage/UsageEventsQuery$Builder;)V,blocked
Landroid/app/usage/UsageEventsQuery;-><init>(Landroid/app/usage/UsageEventsQuery$Builder;Landroid/app/usage/UsageEventsQuery-IA;)V,blocked
Landroid/app/usage/UsageEventsQuery;-><init>(Landroid/os/Parcel;)V,blocked
Landroid/app/usage/UsageEventsQuery;-><init>(Landroid/os/Parcel;Landroid/app/usage/UsageEventsQuery-IA;)V,blocked
Landroid/app/usage/UsageEventsQuery;->getUserId()I,blocked

Landroid/app/usage/UsageEventsQuery$1;-><init>()V,blocked
Landroid/app/usage/UsageEventsQuery$1;->createFromParcel(Landroid/os/Parcel;)Landroid/app/usage/UsageEventsQuery;,blocked
Landroid/app/usage/UsageEventsQuery$1;->newArray(I)[Landroid/app/usage/UsageEventsQuery;,blocked

Landroid/app/usage/UsageEventsQuery$Builder;->setUserId(I)Landroid/app/usage/UsageEventsQuery$Builder;,blocked

Landroid/bluetooth/BluetoothCodecType$1;-><init>()V,blocked
Landroid/bluetooth/BluetoothCodecType$1;->createFromParcel(Landroid/os/Parcel;)Landroid/bluetooth/BluetoothCodecType;,blocked
Landroid/bluetooth/BluetoothCodecType$1;->newArray(I)[Landroid/bluetooth/BluetoothCodecType;,blocked
Landroid/bluetooth/BluetoothCodecType;-><clinit>()V,blocked
Landroid/bluetooth/BluetoothCodecType;-><init>(IJ)V,blocked
Landroid/bluetooth/BluetoothCodecType;-><init>(Landroid/os/Parcel;)V,blocked
Landroid/bluetooth/BluetoothCodecType;-><init>(Landroid/os/Parcel;Landroid/bluetooth/BluetoothCodecType-IA;)V,blocked
Landroid/bluetooth/BluetoothCodecType;->createFromParcel(Landroid/os/Parcel;)Landroid/bluetooth/BluetoothCodecType;,blocked
Landroid/bluetooth/BluetoothCodecType;->getNativeCodecType()I,blocked

Landroid/companion/virtual/IVirtualDeviceManager;->getVirtualDevice(I)Landroid/companion/virtual/VirtualDevice;,blocked
Landroid/companion/virtual/IVirtualDeviceManager;->unregisterVirtualDeviceListener(Landroid/companion/virtual/IVirtualDeviceListener;)V,blocked

Landroid/content/UriRelativeFilter;-><init>(Landroid/content/UriRelativeFilterParcel;)V,blocked
Landroid/content/UriRelativeFilter;-><init>(Landroid/os/Parcel;)V,blocked
Landroid/content/UriRelativeFilter;-><init>(Lorg/xmlpull/v1/XmlPullParser;)V,blocked
Landroid/content/UriRelativeFilter;->dumpDebug(Landroid/util/proto/ProtoOutputStream;J)V,blocked
Landroid/content/UriRelativeFilter;->matchQuery(Landroid/os/PatternMatcher;Ljava/lang/String;)Z,blocked
Landroid/content/UriRelativeFilter;->patternTypeToString()Ljava/lang/String;,blocked
Landroid/content/UriRelativeFilter;->toParcel()Landroid/content/UriRelativeFilterParcel;,blocked
Landroid/content/UriRelativeFilter;->uriPartToString()Ljava/lang/String;,blocked
Landroid/content/UriRelativeFilter;->writeToParcel(Landroid/os/Parcel;I)V,blocked
Landroid/content/UriRelativeFilter;->writeToXml(Lorg/xmlpull/v1/XmlSerializer;)V,blocked

Landroid/content/UriRelativeFilterGroup;-><init>(Landroid/content/UriRelativeFilterGroupParcel;)V,blocked
Landroid/content/UriRelativeFilterGroup;-><init>(Landroid/os/Parcel;)V,blocked
Landroid/content/UriRelativeFilterGroup;-><init>(Lorg/xmlpull/v1/XmlPullParser;)V,blocked
Landroid/content/UriRelativeFilterGroup;->dumpDebug(Landroid/util/proto/ProtoOutputStream;J)V,blocked
Landroid/content/UriRelativeFilterGroup;->groupsToParcels(Ljava/util/List;)Ljava/util/List;,blocked
Landroid/content/UriRelativeFilterGroup;->matchGroupsToUri(Ljava/util/List;Landroid/net/Uri;)Z,blocked
Landroid/content/UriRelativeFilterGroup;->parcelsToGroups(Ljava/util/List;)Ljava/util/List;,blocked
Landroid/content/UriRelativeFilterGroup;->toParcel()Landroid/content/UriRelativeFilterGroupParcel;,blocked
Landroid/content/UriRelativeFilterGroup;->writeToParcel(Landroid/os/Parcel;I)V,blocked
Landroid/content/UriRelativeFilterGroup;->writeToXml(Lorg/xmlpull/v1/XmlSerializer;)V,blocked

Landroid/content/pm/ArchivedActivityInfo;-><init>(Landroid/content/pm/ArchivedActivityParcel;)V,blocked
Landroid/content/pm/ArchivedActivityInfo;->__metadata()V,blocked
Landroid/content/pm/ArchivedActivityInfo;->bytesFromBitmap(Landroid/graphics/Bitmap;)[B,blocked
Landroid/content/pm/ArchivedActivityInfo;->drawableFromCompressedBitmap([B)Landroid/graphics/drawable/Drawable;,blocked
Landroid/content/pm/ArchivedActivityInfo;->drawableToBitmap(Landroid/graphics/drawable/Drawable;)Landroid/graphics/Bitmap;,blocked
Landroid/content/pm/ArchivedActivityInfo;->drawableToBitmap(Landroid/graphics/drawable/Drawable;I)Landroid/graphics/Bitmap;,blocked
Landroid/content/pm/ArchivedActivityInfo;->getParcel()Landroid/content/pm/ArchivedActivityParcel;,blocked

Landroid/content/pm/ArchivedPackageInfo;-><init>(Landroid/content/pm/ArchivedPackageParcel;)V,blocked
Landroid/content/pm/ArchivedPackageInfo;->__metadata()V,blocked
Landroid/content/pm/ArchivedPackageInfo;->getParcel()Landroid/content/pm/ArchivedPackageParcel;,blocked

Landroid/content/pm/LauncherApps$ArchiveCompatibilityParams;->isEnableIconOverlay()Z,blocked
Landroid/content/pm/LauncherApps$ArchiveCompatibilityParams;->isEnableUnarchivalConfirmation()Z,blocked

Landroid/content/pm/LauncherUserInfo$1;-><init>()V,blocked
Landroid/content/pm/LauncherUserInfo$1;->createFromParcel(Landroid/os/Parcel;)Landroid/content/pm/LauncherUserInfo;,blocked
Landroid/content/pm/LauncherUserInfo$1;->newArray(I)[Landroid/content/pm/LauncherUserInfo;,blocked
Landroid/content/pm/LauncherUserInfo$Builder;-><init>(Ljava/lang/String;I)V,blocked
Landroid/content/pm/LauncherUserInfo$Builder;->build()Landroid/content/pm/LauncherUserInfo;,blocked
Landroid/content/pm/LauncherUserInfo;-><clinit>()V,blocked
Landroid/content/pm/LauncherUserInfo;-><init>(Landroid/os/Parcel;)V,blocked
Landroid/content/pm/LauncherUserInfo;-><init>(Landroid/os/Parcel;Landroid/content/pm/LauncherUserInfo-IA;)V,blocked
Landroid/content/pm/LauncherUserInfo;-><init>(Ljava/lang/String;I)V,blocked
Landroid/content/pm/LauncherUserInfo;-><init>(Ljava/lang/String;ILandroid/content/pm/LauncherUserInfo-IA;)V,blocked

Landroid/content/pm/PackageInstaller$UnarchivalState;-><init>(IIJLandroid/app/PendingIntent;)V,blocked
Landroid/content/pm/PackageInstaller$UnarchivalState;->getRequiredStorageBytes()J,blocked
Landroid/content/pm/PackageInstaller$UnarchivalState;->getStatus()I,blocked
Landroid/content/pm/PackageInstaller$UnarchivalState;->getUnarchiveId()I,blocked
Landroid/content/pm/PackageInstaller$UnarchivalState;->getUserActionIntent()Landroid/app/PendingIntent;,blocked